"artifact","moduleUrl","moduleLicense","moduleLicenseUrl",
"androidx.activity:activity:1.13.0","https://developer.android.com/jetpack/androidx/releases/activity#1.13.0","Apache License, Version 2.0","https://www.apache.org/licenses/LICENSE-2.0",
"androidx.activity:activity-compose:1.13.0","https://developer.android.com/jetpack/androidx/releases/activity#1.13.0","Apache License, Version 2.0","https://www.apache.org/licenses/LICENSE-2.0",
"androidx.activity:activity-ktx:1.13.0","https://developer.android.com/jetpack/androidx/releases/activity#1.13.0","Apache License, Version 2.0","https://www.apache.org/licenses/LICENSE-2.0",
"androidx.annotation:annotation:1.9.1","https://developer.android.com/jetpack/androidx/releases/annotation#1.9.1","Apache License, Version 2.0","https://www.apache.org/licenses/LICENSE-2.0",
"androidx.annotation:annotation-experimental:1.5.1","https://developer.android.com/jetpack/androidx/releases/annotation#1.5.1","Apache License, Version 2.0","https://www.apache.org/licenses/LICENSE-2.0",
"androidx.annotation:annotation-jvm:1.9.1","https://developer.android.com/jetpack/androidx/releases/annotation#1.9.1","Apache License, Version 2.0","https://www.apache.org/licenses/LICENSE-2.0",
"androidx.appcompat:appcompat:1.7.1","https://developer.android.com/jetpack/androidx/releases/appcompat#1.7.1","Apache License, Version 2.0","https://www.apache.org/licenses/LICENSE-2.0",
"androidx.appcompat:appcompat-resources:1.7.1","https://developer.android.com/jetpack/androidx/releases/appcompat#1.7.1","Apache License, Version 2.0","https://www.apache.org/licenses/LICENSE-2.0",
"androidx.arch.core:core-common:2.2.0","https://developer.android.com/jetpack/androidx/releases/arch-core#2.2.0","Apache License, Version 2.0","https://www.apache.org/licenses/LICENSE-2.0",
"androidx.arch.core:core-runtime:2.2.0","https://developer.android.com/jetpack/androidx/releases/arch-core#2.2.0","Apache License, Version 2.0","https://www.apache.org/licenses/LICENSE-2.0",
"androidx.autofill:autofill:1.0.0","https://developer.android.com/jetpack/androidx","Apache License, Version 2.0","https://www.apache.org/licenses/LICENSE-2.0",
"androidx.biometric:biometric:1.1.0","https://developer.android.com/jetpack/androidx/releases/biometric#1.1.0","Apache License, Version 2.0","https://www.apache.org/licenses/LICENSE-2.0",
"androidx.collection:collection:1.6.0","https://developer.android.com/jetpack/androidx/releases/collection#1.6.0","Apache License, Version 2.0","https://www.apache.org/licenses/LICENSE-2.0",
"androidx.collection:collection-jvm:1.6.0","https://developer.android.com/jetpack/androidx/releases/collection#1.6.0","Apache License, Version 2.0","https://www.apache.org/licenses/LICENSE-2.0",
"androidx.collection:collection-ktx:1.6.0","https://developer.android.com/jetpack/androidx/releases/collection#1.6.0","Apache License, Version 2.0","https://www.apache.org/licenses/LICENSE-2.0",
"androidx.compose:compose-bom-alpha:2026.04.01","https://developer.android.com/jetpack","Apache License, Version 2.0","https://www.apache.org/licenses/LICENSE-2.0",
"androidx.compose.animation:animation:1.12.0-alpha01","https://developer.android.com/jetpack/androidx/releases/compose-animation#1.12.0-alpha01","Apache License, Version 2.0","https://www.apache.org/licenses/LICENSE-2.0",
"androidx.compose.animation:animation-android:1.12.0-alpha01","https://developer.android.com/jetpack/androidx/releases/compose-animation#1.12.0-alpha01","Apache License, Version 2.0","https://www.apache.org/licenses/LICENSE-2.0",
"androidx.compose.animation:animation-core:1.12.0-alpha01","https://developer.android.com/jetpack/androidx/releases/compose-animation#1.12.0-alpha01","Apache License, Version 2.0","https://www.apache.org/licenses/LICENSE-2.0",
"androidx.compose.animation:animation-core-android:1.12.0-alpha01","https://developer.android.com/jetpack/androidx/releases/compose-animation#1.12.0-alpha01","Apache License, Version 2.0","https://www.apache.org/licenses/LICENSE-2.0",
"androidx.compose.foundation:foundation:1.12.0-alpha01","https://developer.android.com/jetpack/androidx/releases/compose-foundation#1.12.0-alpha01","Apache License, Version 2.0","https://www.apache.org/licenses/LICENSE-2.0",
"androidx.compose.foundation:foundation-android:1.12.0-alpha01","https://developer.android.com/jetpack/androidx/releases/compose-foundation#1.12.0-alpha01","Apache License, Version 2.0","https://www.apache.org/licenses/LICENSE-2.0",
"androidx.compose.foundation:foundation-layout:1.12.0-alpha01","https://developer.android.com/jetpack/androidx/releases/compose-foundation#1.12.0-alpha01","Apache License, Version 2.0","https://www.apache.org/licenses/LICENSE-2.0",
"androidx.compose.foundation:foundation-layout-android:1.12.0-alpha01","https://developer.android.com/jetpack/androidx/releases/compose-foundation#1.12.0-alpha01","Apache License, Version 2.0","https://www.apache.org/licenses/LICENSE-2.0",
"androidx.compose.material:material-icons-core:1.7.8","https://developer.android.com/jetpack/androidx/releases/compose-material#1.7.8","Apache License, Version 2.0","https://www.apache.org/licenses/LICENSE-2.0",
"androidx.compose.material:material-icons-core-android:1.7.8","https://developer.android.com/jetpack/androidx/releases/compose-material#1.7.8","Apache License, Version 2.0","https://www.apache.org/licenses/LICENSE-2.0",
"androidx.compose.material:material-icons-extended:1.7.8","https://developer.android.com/jetpack/androidx/releases/compose-material#1.7.8","Apache License, Version 2.0","https://www.apache.org/licenses/LICENSE-2.0",
"androidx.compose.material:material-icons-extended-android:1.7.8","https://developer.android.com/jetpack/androidx/releases/compose-material#1.7.8","Apache License, Version 2.0","https://www.apache.org/licenses/LICENSE-2.0",
"androidx.compose.material:material-ripple:1.12.0-alpha01","https://developer.android.com/jetpack/androidx/releases/compose-material#1.12.0-alpha01","Apache License, Version 2.0","https://www.apache.org/licenses/LICENSE-2.0",
"androidx.compose.material:material-ripple-android:1.12.0-alpha01","https://developer.android.com/jetpack/androidx/releases/compose-material#1.12.0-alpha01","Apache License, Version 2.0","https://www.apache.org/licenses/LICENSE-2.0",
"androidx.compose.material3:material3:1.5.0-alpha18","https://developer.android.com/jetpack/androidx/releases/compose-material3#1.5.0-alpha18","Apache License, Version 2.0","https://www.apache.org/licenses/LICENSE-2.0",
"androidx.compose.material3:material3-adaptive-navigation-suite:1.5.0-alpha18","https://developer.android.com/jetpack/androidx/releases/compose-material3#1.5.0-alpha18","Apache License, Version 2.0","https://www.apache.org/licenses/LICENSE-2.0",
"androidx.compose.material3:material3-adaptive-navigation-suite-android:1.5.0-alpha18","https://developer.android.com/jetpack/androidx/releases/compose-material3#1.5.0-alpha18","Apache License, Version 2.0","https://www.apache.org/licenses/LICENSE-2.0",
"androidx.compose.material3:material3-android:1.5.0-alpha18","https://developer.android.com/jetpack/androidx/releases/compose-material3#1.5.0-alpha18","Apache License, Version 2.0","https://www.apache.org/licenses/LICENSE-2.0",
"androidx.compose.material3.adaptive:adaptive:1.3.0-alpha10","https://developer.android.com/jetpack/androidx/releases/compose-material3-adaptive#1.3.0-alpha10","Apache License, Version 2.0","https://www.apache.org/licenses/LICENSE-2.0",
"androidx.compose.material3.adaptive:adaptive-android:1.3.0-alpha10","https://developer.android.com/jetpack/androidx/releases/compose-material3-adaptive#1.3.0-alpha10","Apache License, Version 2.0","https://www.apache.org/licenses/LICENSE-2.0",
"androidx.compose.runtime:runtime:1.12.0-alpha01","https://developer.android.com/jetpack/androidx/releases/compose-runtime#1.12.0-alpha01","Apache License, Version 2.0","https://www.apache.org/licenses/LICENSE-2.0",
"androidx.compose.runtime:runtime-android:1.12.0-alpha01","https://developer.android.com/jetpack/androidx/releases/compose-runtime#1.12.0-alpha01","Apache License, Version 2.0","https://www.apache.org/licenses/LICENSE-2.0",
"androidx.compose.runtime:runtime-annotation:1.12.0-alpha01","https://developer.android.com/jetpack/androidx/releases/compose-runtime#1.12.0-alpha01","Apache License, Version 2.0","https://www.apache.org/licenses/LICENSE-2.0",
"androidx.compose.runtime:runtime-annotation-android:1.12.0-alpha01","https://developer.android.com/jetpack/androidx/releases/compose-runtime#1.12.0-alpha01","Apache License, Version 2.0","https://www.apache.org/licenses/LICENSE-2.0",
"androidx.compose.runtime:runtime-retain:1.12.0-alpha01","https://developer.android.com/jetpack/androidx/releases/compose-runtime#1.12.0-alpha01","Apache License, Version 2.0","https://www.apache.org/licenses/LICENSE-2.0",
"androidx.compose.runtime:runtime-retain-android:1.12.0-alpha01","https://developer.android.com/jetpack/androidx/releases/compose-runtime#1.12.0-alpha01","Apache License, Version 2.0","https://www.apache.org/licenses/LICENSE-2.0",
"androidx.compose.runtime:runtime-saveable:1.12.0-alpha01","https://developer.android.com/jetpack/androidx/releases/compose-runtime#1.12.0-alpha01","Apache License, Version 2.0","https://www.apache.org/licenses/LICENSE-2.0",
"androidx.compose.runtime:runtime-saveable-android:1.12.0-alpha01","https://developer.android.com/jetpack/androidx/releases/compose-runtime#1.12.0-alpha01","Apache License, Version 2.0","https://www.apache.org/licenses/LICENSE-2.0",
"androidx.compose.ui:ui:1.12.0-alpha01","https://developer.android.com/jetpack/androidx/releases/compose-ui#1.12.0-alpha01","Apache License, Version 2.0","https://www.apache.org/licenses/LICENSE-2.0",
"androidx.compose.ui:ui-android:1.12.0-alpha01","https://developer.android.com/jetpack/androidx/releases/compose-ui#1.12.0-alpha01","Apache License, Version 2.0","https://www.apache.org/licenses/LICENSE-2.0",
"androidx.compose.ui:ui-geometry:1.12.0-alpha01","https://developer.android.com/jetpack/androidx/releases/compose-ui#1.12.0-alpha01","Apache License, Version 2.0","https://www.apache.org/licenses/LICENSE-2.0",
"androidx.compose.ui:ui-geometry-android:1.12.0-alpha01","https://developer.android.com/jetpack/androidx/releases/compose-ui#1.12.0-alpha01","Apache License, Version 2.0","https://www.apache.org/licenses/LICENSE-2.0",
"androidx.compose.ui:ui-graphics:1.12.0-alpha01","https://developer.android.com/jetpack/androidx/releases/compose-ui#1.12.0-alpha01","Apache License, Version 2.0","https://www.apache.org/licenses/LICENSE-2.0",
"androidx.compose.ui:ui-graphics-android:1.12.0-alpha01","https://developer.android.com/jetpack/androidx/releases/compose-ui#1.12.0-alpha01","Apache License, Version 2.0","https://www.apache.org/licenses/LICENSE-2.0",
"androidx.compose.ui:ui-text:1.12.0-alpha01","https://developer.android.com/jetpack/androidx/releases/compose-ui#1.12.0-alpha01","Apache License, Version 2.0","https://www.apache.org/licenses/LICENSE-2.0",
"androidx.compose.ui:ui-text-android:1.12.0-alpha01","https://developer.android.com/jetpack/androidx/releases/compose-ui#1.12.0-alpha01","Apache License, Version 2.0","https://www.apache.org/licenses/LICENSE-2.0",
"androidx.compose.ui:ui-tooling:1.12.0-alpha01","https://developer.android.com/jetpack/androidx/releases/compose-ui#1.12.0-alpha01","Apache License, Version 2.0","https://www.apache.org/licenses/LICENSE-2.0",
"androidx.compose.ui:ui-tooling-android:1.12.0-alpha01","https://developer.android.com/jetpack/androidx/releases/compose-ui#1.12.0-alpha01","Apache License, Version 2.0","https://www.apache.org/licenses/LICENSE-2.0",
"androidx.compose.ui:ui-tooling-data:1.12.0-alpha01","https://developer.android.com/jetpack/androidx/releases/compose-ui#1.12.0-alpha01","Apache License, Version 2.0","https://www.apache.org/licenses/LICENSE-2.0",
"androidx.compose.ui:ui-tooling-data-android:1.12.0-alpha01","https://developer.android.com/jetpack/androidx/releases/compose-ui#1.12.0-alpha01","Apache License, Version 2.0","https://www.apache.org/licenses/LICENSE-2.0",
"androidx.compose.ui:ui-tooling-preview:1.12.0-alpha01","https://developer.android.com/jetpack/androidx/releases/compose-ui#1.12.0-alpha01","Apache License, Version 2.0","https://www.apache.org/licenses/LICENSE-2.0",
"androidx.compose.ui:ui-tooling-preview-android:1.12.0-alpha01","https://developer.android.com/jetpack/androidx/releases/compose-ui#1.12.0-alpha01","Apache License, Version 2.0","https://www.apache.org/licenses/LICENSE-2.0",
"androidx.compose.ui:ui-unit:1.12.0-alpha01","https://developer.android.com/jetpack/androidx/releases/compose-ui#1.12.0-alpha01","Apache License, Version 2.0","https://www.apache.org/licenses/LICENSE-2.0",
"androidx.compose.ui:ui-unit-android:1.12.0-alpha01","https://developer.android.com/jetpack/androidx/releases/compose-ui#1.12.0-alpha01","Apache License, Version 2.0","https://www.apache.org/licenses/LICENSE-2.0",
"androidx.compose.ui:ui-util:1.12.0-alpha01","https://developer.android.com/jetpack/androidx/releases/compose-ui#1.12.0-alpha01","Apache License, Version 2.0","https://www.apache.org/licenses/LICENSE-2.0",
"androidx.compose.ui:ui-util-android:1.12.0-alpha01","https://developer.android.com/jetpack/androidx/releases/compose-ui#1.12.0-alpha01","Apache License, Version 2.0","https://www.apache.org/licenses/LICENSE-2.0",
"androidx.concurrent:concurrent-futures:1.1.0","https://developer.android.com/topic/libraries/architecture/index.html","Apache License, Version 2.0","https://www.apache.org/licenses/LICENSE-2.0",
"androidx.concurrent:concurrent-futures-ktx:1.1.0","https://developer.android.com/topic/libraries/architecture/index.html","Apache License, Version 2.0","https://www.apache.org/licenses/LICENSE-2.0",
"androidx.constraintlayout:constraintlayout-compose:1.1.1","https://developer.android.com/jetpack/androidx/releases/constraintlayout#1.1.1","Apache License, Version 2.0","https://www.apache.org/licenses/LICENSE-2.0",
"androidx.constraintlayout:constraintlayout-compose-android:1.1.1","https://developer.android.com/jetpack/androidx/releases/constraintlayout#1.1.1","Apache License, Version 2.0","https://www.apache.org/licenses/LICENSE-2.0",
"androidx.constraintlayout:constraintlayout-core:1.1.1","https://developer.android.com/jetpack/androidx/releases/constraintlayout#1.1.1","Apache License, Version 2.0","https://www.apache.org/licenses/LICENSE-2.0",
"androidx.core:core:1.18.0","https://developer.android.com/jetpack/androidx/releases/core#1.18.0","Apache License, Version 2.0","https://www.apache.org/licenses/LICENSE-2.0",
"androidx.core:core-ktx:1.18.0","https://developer.android.com/jetpack/androidx/releases/core#1.18.0","Apache License, Version 2.0","https://www.apache.org/licenses/LICENSE-2.0",
"androidx.core:core-remoteviews:1.1.0","https://developer.android.com/jetpack/androidx/releases/core#1.1.0","Apache License, Version 2.0","https://www.apache.org/licenses/LICENSE-2.0",
"androidx.core:core-splashscreen:1.2.0","https://developer.android.com/jetpack/androidx/releases/core#1.2.0","Apache License, Version 2.0","https://www.apache.org/licenses/LICENSE-2.0",
"androidx.core:core-viewtree:1.0.0","https://developer.android.com/jetpack/androidx/releases/core#1.0.0","Apache License, Version 2.0","https://www.apache.org/licenses/LICENSE-2.0",
"androidx.cursoradapter:cursoradapter:1.0.0","http://developer.android.com/tools/extras/support-library.html","Apache License, Version 2.0","https://www.apache.org/licenses/LICENSE-2.0",
"androidx.customview:customview:1.0.0","http://developer.android.com/tools/extras/support-library.html","Apache License, Version 2.0","https://www.apache.org/licenses/LICENSE-2.0",
"androidx.customview:customview-poolingcontainer:1.0.0","https://developer.android.com/jetpack/androidx/releases/customview#1.0.0","Apache License, Version 2.0","https://www.apache.org/licenses/LICENSE-2.0",
"androidx.datastore:datastore:1.2.1","https://developer.android.com/jetpack/androidx/releases/datastore#1.2.1","Apache License, Version 2.0","https://www.apache.org/licenses/LICENSE-2.0",
"androidx.datastore:datastore-android:1.2.1","https://developer.android.com/jetpack/androidx/releases/datastore#1.2.1","Apache License, Version 2.0","https://www.apache.org/licenses/LICENSE-2.0",
"androidx.datastore:datastore-core:1.2.1","https://developer.android.com/jetpack/androidx/releases/datastore#1.2.1","Apache License, Version 2.0","https://www.apache.org/licenses/LICENSE-2.0",
"androidx.datastore:datastore-core-android:1.2.1","https://developer.android.com/jetpack/androidx/releases/datastore#1.2.1","Apache License, Version 2.0","https://www.apache.org/licenses/LICENSE-2.0",
"androidx.datastore:datastore-core-okio:1.2.1","https://developer.android.com/jetpack/androidx/releases/datastore#1.2.1","Apache License, Version 2.0","https://www.apache.org/licenses/LICENSE-2.0",
"androidx.datastore:datastore-core-okio-jvm:1.2.1","https://developer.android.com/jetpack/androidx/releases/datastore#1.2.1","Apache License, Version 2.0","https://www.apache.org/licenses/LICENSE-2.0",
"androidx.datastore:datastore-preferences:1.2.1","https://developer.android.com/jetpack/androidx/releases/datastore#1.2.1","Apache License, Version 2.0","https://www.apache.org/licenses/LICENSE-2.0",
"androidx.datastore:datastore-preferences-android:1.2.1","https://developer.android.com/jetpack/androidx/releases/datastore#1.2.1","Apache License, Version 2.0","https://www.apache.org/licenses/LICENSE-2.0",
"androidx.datastore:datastore-preferences-core:1.2.1","https://developer.android.com/jetpack/androidx/releases/datastore#1.2.1","Apache License, Version 2.0","https://www.apache.org/licenses/LICENSE-2.0",
"androidx.datastore:datastore-preferences-core-android:1.2.1","https://developer.android.com/jetpack/androidx/releases/datastore#1.2.1","Apache License, Version 2.0","https://www.apache.org/licenses/LICENSE-2.0",
"androidx.datastore:datastore-preferences-external-protobuf:1.2.1","https://developer.android.com/jetpack/androidx/releases/datastore#1.2.1","The 3-Clause BSD License","https://opensource.org/licenses/BSD-3-Clause",
"androidx.datastore:datastore-preferences-proto:1.2.1","https://developer.android.com/jetpack/androidx/releases/datastore#1.2.1","Apache License, Version 2.0","https://www.apache.org/licenses/LICENSE-2.0",
"androidx.drawerlayout:drawerlayout:1.0.0","http://developer.android.com/tools/extras/support-library.html","Apache License, Version 2.0","https://www.apache.org/licenses/LICENSE-2.0",
"androidx.emoji2:emoji2:1.4.0","https://developer.android.com/jetpack/androidx/releases/emoji2#1.4.0","Apache License, Version 2.0","https://www.apache.org/licenses/LICENSE-2.0",
"androidx.emoji2:emoji2-views-helper:1.4.0","https://developer.android.com/jetpack/androidx/releases/emoji2#1.4.0","Apache License, Version 2.0","https://www.apache.org/licenses/LICENSE-2.0",
"androidx.fragment:fragment:1.5.4","https://developer.android.com/jetpack/androidx/releases/fragment#1.5.4","Apache License, Version 2.0","https://www.apache.org/licenses/LICENSE-2.0",
"androidx.glance:glance:1.2.0-rc01","https://developer.android.com/jetpack/androidx/releases/glance#1.2.0-rc01","Apache License, Version 2.0","https://www.apache.org/licenses/LICENSE-2.0",
"androidx.glance:glance-appwidget:1.2.0-rc01","https://developer.android.com/jetpack/androidx/releases/glance#1.2.0-rc01","Apache License, Version 2.0","https://www.apache.org/licenses/LICENSE-2.0",
"androidx.glance:glance-appwidget-external-protobuf:1.2.0-rc01","https://developer.android.com/jetpack/androidx/releases/glance#1.2.0-rc01","The 3-Clause BSD License","https://opensource.org/licenses/BSD-3-Clause",
"androidx.glance:glance-appwidget-preview:1.2.0-rc01","https://developer.android.com/jetpack/androidx/releases/glance#1.2.0-rc01","Apache License, Version 2.0","https://www.apache.org/licenses/LICENSE-2.0",
"androidx.glance:glance-appwidget-proto:1.2.0-rc01","https://developer.android.com/jetpack/androidx/releases/glance#1.2.0-rc01","Apache License, Version 2.0","https://www.apache.org/licenses/LICENSE-2.0",
"androidx.glance:glance-material3:1.2.0-rc01","https://developer.android.com/jetpack/androidx/releases/glance#1.2.0-rc01","Apache License, Version 2.0","https://www.apache.org/licenses/LICENSE-2.0",
"androidx.glance:glance-preview:1.2.0-rc01","https://developer.android.com/jetpack/androidx/releases/glance#1.2.0-rc01","Apache License, Version 2.0","https://www.apache.org/licenses/LICENSE-2.0",
"androidx.graphics:graphics-path:1.0.1","https://developer.android.com/jetpack/androidx/releases/graphics#1.0.1","Apache License, Version 2.0","https://www.apache.org/licenses/LICENSE-2.0",
"androidx.graphics:graphics-shapes:1.1.0","https://developer.android.com/jetpack/androidx/releases/graphics#1.1.0","Apache License, Version 2.0","https://www.apache.org/licenses/LICENSE-2.0",
"androidx.graphics:graphics-shapes-android:1.1.0","https://developer.android.com/jetpack/androidx/releases/graphics#1.1.0","Apache License, Version 2.0","https://www.apache.org/licenses/LICENSE-2.0",
"androidx.hilt:hilt-lifecycle-viewmodel:1.3.0","https://developer.android.com/jetpack/androidx/releases/hilt#1.3.0","Apache License, Version 2.0","https://www.apache.org/licenses/LICENSE-2.0",
"androidx.hilt:hilt-lifecycle-viewmodel-compose:1.3.0","https://developer.android.com/jetpack/androidx/releases/hilt#1.3.0","Apache License, Version 2.0","https://www.apache.org/licenses/LICENSE-2.0",
"androidx.interpolator:interpolator:1.0.0","http://developer.android.com/tools/extras/support-library.html","Apache License, Version 2.0","https://www.apache.org/licenses/LICENSE-2.0",
"androidx.lifecycle:lifecycle-common:2.10.0","https://developer.android.com/jetpack/androidx/releases/lifecycle#2.10.0","Apache License, Version 2.0","https://www.apache.org/licenses/LICENSE-2.0",
"androidx.lifecycle:lifecycle-common-java8:2.10.0","https://developer.android.com/jetpack/androidx/releases/lifecycle#2.10.0","Apache License, Version 2.0","https://www.apache.org/licenses/LICENSE-2.0",
"androidx.lifecycle:lifecycle-common-jvm:2.10.0","https://developer.android.com/jetpack/androidx/releases/lifecycle#2.10.0","Apache License, Version 2.0","https://www.apache.org/licenses/LICENSE-2.0",
"androidx.lifecycle:lifecycle-livedata:2.10.0","https://developer.android.com/jetpack/androidx/releases/lifecycle#2.10.0","Apache License, Version 2.0","https://www.apache.org/licenses/LICENSE-2.0",
"androidx.lifecycle:lifecycle-livedata-core:2.10.0","https://developer.android.com/jetpack/androidx/releases/lifecycle#2.10.0","Apache License, Version 2.0","https://www.apache.org/licenses/LICENSE-2.0",
"androidx.lifecycle:lifecycle-livedata-core-ktx:2.10.0","https://developer.android.com/jetpack/androidx/releases/lifecycle#2.10.0","Apache License, Version 2.0","https://www.apache.org/licenses/LICENSE-2.0",
"androidx.lifecycle:lifecycle-process:2.10.0","https://developer.android.com/jetpack/androidx/releases/lifecycle#2.10.0","Apache License, Version 2.0","https://www.apache.org/licenses/LICENSE-2.0",
"androidx.lifecycle:lifecycle-runtime:2.10.0","https://developer.android.com/jetpack/androidx/releases/lifecycle#2.10.0","Apache License, Version 2.0","https://www.apache.org/licenses/LICENSE-2.0",
"androidx.lifecycle:lifecycle-runtime-android:2.10.0","https://developer.android.com/jetpack/androidx/releases/lifecycle#2.10.0","Apache License, Version 2.0","https://www.apache.org/licenses/LICENSE-2.0",
"androidx.lifecycle:lifecycle-runtime-compose:2.10.0","https://developer.android.com/jetpack/androidx/releases/lifecycle#2.10.0","Apache License, Version 2.0","https://www.apache.org/licenses/LICENSE-2.0",
"androidx.lifecycle:lifecycle-runtime-compose-android:2.10.0","https://developer.android.com/jetpack/androidx/releases/lifecycle#2.10.0","Apache License, Version 2.0","https://www.apache.org/licenses/LICENSE-2.0",
"androidx.lifecycle:lifecycle-runtime-ktx:2.10.0","https://developer.android.com/jetpack/androidx/releases/lifecycle#2.10.0","Apache License, Version 2.0","https://www.apache.org/licenses/LICENSE-2.0",
"androidx.lifecycle:lifecycle-runtime-ktx-android:2.10.0","https://developer.android.com/jetpack/androidx/releases/lifecycle#2.10.0","Apache License, Version 2.0","https://www.apache.org/licenses/LICENSE-2.0",
"androidx.lifecycle:lifecycle-service:2.10.0","https://developer.android.com/jetpack/androidx/releases/lifecycle#2.10.0","Apache License, Version 2.0","https://www.apache.org/licenses/LICENSE-2.0",
"androidx.lifecycle:lifecycle-viewmodel:2.10.0","https://developer.android.com/jetpack/androidx/releases/lifecycle#2.10.0","Apache License, Version 2.0","https://www.apache.org/licenses/LICENSE-2.0",
"androidx.lifecycle:lifecycle-viewmodel-android:2.10.0","https://developer.android.com/jetpack/androidx/releases/lifecycle#2.10.0","Apache License, Version 2.0","https://www.apache.org/licenses/LICENSE-2.0",
"androidx.lifecycle:lifecycle-viewmodel-compose:2.10.0","https://developer.android.com/jetpack/androidx/releases/lifecycle#2.10.0","Apache License, Version 2.0","https://www.apache.org/licenses/LICENSE-2.0",
"androidx.lifecycle:lifecycle-viewmodel-compose-android:2.10.0","https://developer.android.com/jetpack/androidx/releases/lifecycle#2.10.0","Apache License, Version 2.0","https://www.apache.org/licenses/LICENSE-2.0",
"androidx.lifecycle:lifecycle-viewmodel-ktx:2.10.0","https://developer.android.com/jetpack/androidx/releases/lifecycle#2.10.0","Apache License, Version 2.0","https://www.apache.org/licenses/LICENSE-2.0",
"androidx.lifecycle:lifecycle-viewmodel-savedstate:2.10.0","https://developer.android.com/jetpack/androidx/releases/lifecycle#2.10.0","Apache License, Version 2.0","https://www.apache.org/licenses/LICENSE-2.0",
"androidx.lifecycle:lifecycle-viewmodel-savedstate-android:2.10.0","https://developer.android.com/jetpack/androidx/releases/lifecycle#2.10.0","Apache License, Version 2.0","https://www.apache.org/licenses/LICENSE-2.0",
"androidx.loader:loader:1.0.0","http://developer.android.com/tools/extras/support-library.html","Apache License, Version 2.0","https://www.apache.org/licenses/LICENSE-2.0",
"androidx.navigation:navigation-common:2.9.8","https://developer.android.com/jetpack/androidx/releases/navigation#2.9.8","Apache License, Version 2.0","https://www.apache.org/licenses/LICENSE-2.0",
"androidx.navigation:navigation-common-android:2.9.8","https://developer.android.com/jetpack/androidx/releases/navigation#2.9.8","Apache License, Version 2.0","https://www.apache.org/licenses/LICENSE-2.0",
"androidx.navigation:navigation-compose:2.9.8","https://developer.android.com/jetpack/androidx/releases/navigation#2.9.8","Apache License, Version 2.0","https://www.apache.org/licenses/LICENSE-2.0",
"androidx.navigation:navigation-compose-android:2.9.8","https://developer.android.com/jetpack/androidx/releases/navigation#2.9.8","Apache License, Version 2.0","https://www.apache.org/licenses/LICENSE-2.0",
"androidx.navigation:navigation-runtime:2.9.8","https://developer.android.com/jetpack/androidx/releases/navigation#2.9.8","Apache License, Version 2.0","https://www.apache.org/licenses/LICENSE-2.0",
"androidx.navigation:navigation-runtime-android:2.9.8","https://developer.android.com/jetpack/androidx/releases/navigation#2.9.8","Apache License, Version 2.0","https://www.apache.org/licenses/LICENSE-2.0",
"androidx.navigationevent:navigationevent:1.0.0","https://developer.android.com/jetpack/androidx/releases/navigationevent#1.0.0","Apache License, Version 2.0","https://www.apache.org/licenses/LICENSE-2.0",
"androidx.navigationevent:navigationevent-android:1.0.0","https://developer.android.com/jetpack/androidx/releases/navigationevent#1.0.0","Apache License, Version 2.0","https://www.apache.org/licenses/LICENSE-2.0",
"androidx.navigationevent:navigationevent-compose:1.0.0","https://developer.android.com/jetpack/androidx/releases/navigationevent#1.0.0","Apache License, Version 2.0","https://www.apache.org/licenses/LICENSE-2.0",
"androidx.navigationevent:navigationevent-compose-android:1.0.0","https://developer.android.com/jetpack/androidx/releases/navigationevent#1.0.0","Apache License, Version 2.0","https://www.apache.org/licenses/LICENSE-2.0",
"androidx.profileinstaller:profileinstaller:1.4.0","https://developer.android.com/jetpack/androidx/releases/profileinstaller#1.4.0","Apache License, Version 2.0","https://www.apache.org/licenses/LICENSE-2.0",
"androidx.resourceinspection:resourceinspection-annotation:1.0.1","https://developer.android.com/jetpack/androidx/releases/resourceinspection#1.0.1","Apache License, Version 2.0","https://www.apache.org/licenses/LICENSE-2.0",
"androidx.room:room-common:2.8.4","https://developer.android.com/jetpack/androidx/releases/room#2.8.4","Apache License, Version 2.0","https://www.apache.org/licenses/LICENSE-2.0",
"androidx.room:room-common-jvm:2.8.4","https://developer.android.com/jetpack/androidx/releases/room#2.8.4","Apache License, Version 2.0","https://www.apache.org/licenses/LICENSE-2.0",
"androidx.room:room-ktx:2.8.4","https://developer.android.com/jetpack/androidx/releases/room#2.8.4","Apache License, Version 2.0","https://www.apache.org/licenses/LICENSE-2.0",
"androidx.room:room-runtime:2.8.4","https://developer.android.com/jetpack/androidx/releases/room#2.8.4","Apache License, Version 2.0","https://www.apache.org/licenses/LICENSE-2.0",
"androidx.room:room-runtime-android:2.8.4","https://developer.android.com/jetpack/androidx/releases/room#2.8.4","Apache License, Version 2.0","https://www.apache.org/licenses/LICENSE-2.0",
"androidx.savedstate:savedstate:1.4.0","https://developer.android.com/jetpack/androidx/releases/savedstate#1.4.0","Apache License, Version 2.0","https://www.apache.org/licenses/LICENSE-2.0",
"androidx.savedstate:savedstate-android:1.4.0","https://developer.android.com/jetpack/androidx/releases/savedstate#1.4.0","Apache License, Version 2.0","https://www.apache.org/licenses/LICENSE-2.0",
"androidx.savedstate:savedstate-compose:1.4.0","https://developer.android.com/jetpack/androidx/releases/savedstate#1.4.0","Apache License, Version 2.0","https://www.apache.org/licenses/LICENSE-2.0",
"androidx.savedstate:savedstate-compose-android:1.4.0","https://developer.android.com/jetpack/androidx/releases/savedstate#1.4.0","Apache License, Version 2.0","https://www.apache.org/licenses/LICENSE-2.0",
"androidx.savedstate:savedstate-ktx:1.4.0","https://developer.android.com/jetpack/androidx/releases/savedstate#1.4.0","Apache License, Version 2.0","https://www.apache.org/licenses/LICENSE-2.0",
"androidx.sqlite:sqlite:2.6.2","https://developer.android.com/jetpack/androidx/releases/sqlite#2.6.2","Apache License, Version 2.0","https://www.apache.org/licenses/LICENSE-2.0",
"androidx.sqlite:sqlite-android:2.6.2","https://developer.android.com/jetpack/androidx/releases/sqlite#2.6.2","Apache License, Version 2.0","https://www.apache.org/licenses/LICENSE-2.0",
"androidx.sqlite:sqlite-framework:2.6.2","https://developer.android.com/jetpack/androidx/releases/sqlite#2.6.2","Apache License, Version 2.0","https://www.apache.org/licenses/LICENSE-2.0",
"androidx.sqlite:sqlite-framework-android:2.6.2","https://developer.android.com/jetpack/androidx/releases/sqlite#2.6.2","Apache License, Version 2.0","https://www.apache.org/licenses/LICENSE-2.0",
"androidx.startup:startup-runtime:1.1.1","https://developer.android.com/jetpack/androidx/releases/startup#1.1.1","Apache License, Version 2.0","https://www.apache.org/licenses/LICENSE-2.0",
"androidx.tracing:tracing:1.3.0","https://developer.android.com/jetpack/androidx/releases/tracing#1.3.0","Apache License, Version 2.0","https://www.apache.org/licenses/LICENSE-2.0",
"androidx.tracing:tracing-android:1.3.0","https://developer.android.com/jetpack/androidx/releases/tracing#1.3.0","Apache License, Version 2.0","https://www.apache.org/licenses/LICENSE-2.0",
"androidx.tracing:tracing-ktx:1.3.0","https://developer.android.com/jetpack/androidx/releases/tracing#1.3.0","Apache License, Version 2.0","https://www.apache.org/licenses/LICENSE-2.0",
"androidx.vectordrawable:vectordrawable:1.1.0","https://developer.android.com/jetpack/androidx","Apache License, Version 2.0","https://www.apache.org/licenses/LICENSE-2.0",
"androidx.vectordrawable:vectordrawable-animated:1.1.0","https://developer.android.com/jetpack/androidx","Apache License, Version 2.0","https://www.apache.org/licenses/LICENSE-2.0",
"androidx.versionedparcelable:versionedparcelable:1.1.1","http://developer.android.com/tools/extras/support-library.html","Apache License, Version 2.0","https://www.apache.org/licenses/LICENSE-2.0",
"androidx.viewpager:viewpager:1.0.0","http://developer.android.com/tools/extras/support-library.html","Apache License, Version 2.0","https://www.apache.org/licenses/LICENSE-2.0",
"androidx.window:window:1.5.0","https://developer.android.com/jetpack/androidx/releases/window#1.5.0","Apache License, Version 2.0","https://www.apache.org/licenses/LICENSE-2.0",
"androidx.window:window-core:1.5.0","https://developer.android.com/jetpack/androidx/releases/window#1.5.0","Apache License, Version 2.0","https://www.apache.org/licenses/LICENSE-2.0",
"androidx.window:window-core-android:1.5.0","https://developer.android.com/jetpack/androidx/releases/window#1.5.0","Apache License, Version 2.0","https://www.apache.org/licenses/LICENSE-2.0",
"androidx.work:work-runtime:2.10.1","https://developer.android.com/jetpack/androidx/releases/work#2.10.1","Apache License, Version 2.0","https://www.apache.org/licenses/LICENSE-2.0",
"androidx.work:work-runtime-ktx:2.10.1","https://developer.android.com/jetpack/androidx/releases/work#2.10.1","Apache License, Version 2.0","https://www.apache.org/licenses/LICENSE-2.0",
"com.github.ajalt.colormath:colormath:3.6.1","https://github.com/ajalt/colormath/","MIT License","https://opensource.org/licenses/MIT",
"com.github.ajalt.colormath:colormath-jvm:3.6.1","https://github.com/ajalt/colormath/","MIT License","https://opensource.org/licenses/MIT",
"com.google.code.findbugs:jsr305:3.0.2","http://findbugs.sourceforge.net/","Apache License, Version 2.0","https://www.apache.org/licenses/LICENSE-2.0",
"com.google.dagger:dagger:2.59.2","https://github.com/google/dagger","Apache License, Version 2.0","https://www.apache.org/licenses/LICENSE-2.0",
"com.google.dagger:dagger-lint-aar:2.59.2","https://github.com/google/dagger","Apache License, Version 2.0","https://www.apache.org/licenses/LICENSE-2.0",
"com.google.dagger:hilt-android:2.59.2","https://github.com/google/dagger","Apache License, Version 2.0","https://www.apache.org/licenses/LICENSE-2.0",
"com.google.dagger:hilt-core:2.59.2","https://github.com/google/dagger","Apache License, Version 2.0","https://www.apache.org/licenses/LICENSE-2.0",
"com.google.guava:listenablefuture:1.0",,"Apache License, Version 2.0","https://www.apache.org/licenses/LICENSE-2.0",
"com.kizitonwose.calendar:compose:2.10.1","https://github.com/kizitonwose/calendar","MIT License","https://opensource.org/licenses/MIT",
"com.kizitonwose.calendar:core:2.10.1","https://github.com/kizitonwose/calendar","MIT License","https://opensource.org/licenses/MIT",
"com.kizitonwose.calendar:data:2.10.1","https://github.com/kizitonwose/calendar","MIT License","https://opensource.org/licenses/MIT",
"com.lambdapioneer.argon2kt:argon2kt:1.6.0","https://github.com/lambdapioneer/argon2kt","MIT License","https://opensource.org/licenses/MIT",
"com.materialkolor:material-color-utilities:4.1.1","https://github.com/jordond/materialkolor","MIT License","https://opensource.org/licenses/MIT",
"com.materialkolor:material-color-utilities-android:4.1.1","https://github.com/jordond/materialkolor","MIT License","https://opensource.org/licenses/MIT",
"com.materialkolor:material-kolor:4.1.1","https://github.com/jordond/materialkolor","MIT License","https://opensource.org/licenses/MIT",
"com.materialkolor:material-kolor-android:4.1.1","https://github.com/jordond/materialkolor","MIT License","https://opensource.org/licenses/MIT",
"com.patrykandpatrick.vico:compose:3.1.0","https://github.com/patrykandpatrick/vico","Apache License, Version 2.0","https://www.apache.org/licenses/LICENSE-2.0",
"com.patrykandpatrick.vico:compose-android:3.1.0","https://github.com/patrykandpatrick/vico","Apache License, Version 2.0","https://www.apache.org/licenses/LICENSE-2.0",
"com.patrykandpatrick.vico:compose-m3:3.1.0","https://github.com/patrykandpatrick/vico","Apache License, Version 2.0","https://www.apache.org/licenses/LICENSE-2.0",
"com.patrykandpatrick.vico:compose-m3-android:3.1.0","https://github.com/patrykandpatrick/vico","Apache License, Version 2.0","https://www.apache.org/licenses/LICENSE-2.0",
"com.squareup.moshi:moshi:1.15.2","https://github.com/square/moshi/","Apache License, Version 2.0","https://www.apache.org/licenses/LICENSE-2.0",
"com.squareup.okio:okio:3.9.1","https://github.com/square/okio/","Apache License, Version 2.0","https://www.apache.org/licenses/LICENSE-2.0",
"com.squareup.okio:okio-jvm:3.9.1","https://github.com/square/okio/","Apache License, Version 2.0","https://www.apache.org/licenses/LICENSE-2.0",
"com.swmansion.kmpwheelpicker:kmp-wheel-picker:0.3.0","https://github.com/software-mansion-labs/kmp-wheel-picker","MIT License","https://opensource.org/licenses/MIT",
"com.swmansion.kmpwheelpicker:kmp-wheel-picker-android:0.3.0","https://github.com/software-mansion-labs/kmp-wheel-picker","MIT License","https://opensource.org/licenses/MIT",
"dev.chrisbanes.haze:haze:2.0.0-alpha03","https://github.com/chrisbanes/haze/","Apache License, Version 2.0","https://www.apache.org/licenses/LICENSE-2.0",
"dev.chrisbanes.haze:haze-android:2.0.0-alpha03","https://github.com/chrisbanes/haze/","Apache License, Version 2.0","https://www.apache.org/licenses/LICENSE-2.0",
"dev.chrisbanes.haze:haze-blur:2.0.0-alpha03","https://github.com/chrisbanes/haze/","Apache License, Version 2.0","https://www.apache.org/licenses/LICENSE-2.0",
"dev.chrisbanes.haze:haze-blur-android:2.0.0-alpha03","https://github.com/chrisbanes/haze/","Apache License, Version 2.0","https://www.apache.org/licenses/LICENSE-2.0",
"dev.chrisbanes.haze:haze-blur-materials:2.0.0-alpha03","https://github.com/chrisbanes/haze/","Apache License, Version 2.0","https://www.apache.org/licenses/LICENSE-2.0",
"dev.chrisbanes.haze:haze-blur-materials-android:2.0.0-alpha03","https://github.com/chrisbanes/haze/","Apache License, Version 2.0","https://www.apache.org/licenses/LICENSE-2.0",
"dev.chrisbanes.haze:haze-utils:2.0.0-alpha03","https://github.com/chrisbanes/haze/","Apache License, Version 2.0","https://www.apache.org/licenses/LICENSE-2.0",
"dev.chrisbanes.haze:haze-utils-android:2.0.0-alpha03","https://github.com/chrisbanes/haze/","Apache License, Version 2.0","https://www.apache.org/licenses/LICENSE-2.0",
"dev.drewhamilton.poko:poko-annotations:0.22.1","https://github.com/drewhamilton/Poko","Apache License, Version 2.0","https://www.apache.org/licenses/LICENSE-2.0",
"dev.drewhamilton.poko:poko-annotations-jvm:0.22.1","https://github.com/drewhamilton/Poko","Apache License, Version 2.0","https://www.apache.org/licenses/LICENSE-2.0",
"jakarta.inject:jakarta.inject-api:2.0.1","https://www.eclipse.org","GNU GENERAL PUBLIC LICENSE, Version 2 + Classpath Exception","https://openjdk.java.net/legal/gplv2+ce.html",
"javax.inject:javax.inject:1","http://code.google.com/p/atinject/","Apache License, Version 2.0","https://www.apache.org/licenses/LICENSE-2.0",
"net.zetetic:sqlcipher-android:4.15.0","https://www.zetetic.net/sqlcipher",,"https://www.zetetic.net/sqlcipher/license/",
"org.jetbrains:annotations:23.0.0","https://github.com/JetBrains/java-annotations","Apache License, Version 2.0","https://www.apache.org/licenses/LICENSE-2.0",
"org.jetbrains.androidx.lifecycle:lifecycle-common:2.9.6","https://github.com/JetBrains/compose-jb","Apache License, Version 2.0","https://www.apache.org/licenses/LICENSE-2.0",
"org.jetbrains.androidx.lifecycle:lifecycle-runtime:2.9.6","https://github.com/JetBrains/compose-jb","Apache License, Version 2.0","https://www.apache.org/licenses/LICENSE-2.0",
"org.jetbrains.androidx.lifecycle:lifecycle-runtime-compose:2.9.6","https://github.com/JetBrains/compose-jb","Apache License, Version 2.0","https://www.apache.org/licenses/LICENSE-2.0",
"org.jetbrains.androidx.lifecycle:lifecycle-viewmodel:2.9.6","https://github.com/JetBrains/compose-jb","Apache License, Version 2.0","https://www.apache.org/licenses/LICENSE-2.0",
"org.jetbrains.androidx.lifecycle:lifecycle-viewmodel-savedstate:2.9.6","https://github.com/JetBrains/compose-jb","Apache License, Version 2.0","https://www.apache.org/licenses/LICENSE-2.0",
"org.jetbrains.androidx.savedstate:savedstate:1.3.6","https://github.com/JetBrains/compose-jb","Apache License, Version 2.0","https://www.apache.org/licenses/LICENSE-2.0",
"org.jetbrains.androidx.savedstate:savedstate-compose:1.3.6","https://github.com/JetBrains/compose-jb","Apache License, Version 2.0","https://www.apache.org/licenses/LICENSE-2.0",
"org.jetbrains.compose.animation:animation:1.11.1","https://github.com/JetBrains/compose-multiplatform","Apache License, Version 2.0","https://www.apache.org/licenses/LICENSE-2.0",
"org.jetbrains.compose.animation:animation-core:1.11.1","https://github.com/JetBrains/compose-multiplatform","Apache License, Version 2.0","https://www.apache.org/licenses/LICENSE-2.0",
"org.jetbrains.compose.annotation-internal:annotation:1.9.3","https://github.com/JetBrains/compose-jb","Apache License, Version 2.0","https://www.apache.org/licenses/LICENSE-2.0",
"org.jetbrains.compose.collection-internal:collection:1.9.3","https://github.com/JetBrains/compose-jb","Apache License, Version 2.0","https://www.apache.org/licenses/LICENSE-2.0",
"org.jetbrains.compose.components:components-ui-tooling-preview:1.9.1","https://github.com/JetBrains/compose-jb","Apache License, Version 2.0","https://www.apache.org/licenses/LICENSE-2.0",
"org.jetbrains.compose.components:components-ui-tooling-preview-android:1.9.1","https://github.com/JetBrains/compose-jb","Apache License, Version 2.0","https://www.apache.org/licenses/LICENSE-2.0",
"org.jetbrains.compose.foundation:foundation:1.11.1","https://github.com/JetBrains/compose-multiplatform","Apache License, Version 2.0","https://www.apache.org/licenses/LICENSE-2.0",
"org.jetbrains.compose.foundation:foundation-layout:1.11.1","https://github.com/JetBrains/compose-multiplatform","Apache License, Version 2.0","https://www.apache.org/licenses/LICENSE-2.0",
"org.jetbrains.compose.material:material-ripple:1.9.3","https://github.com/JetBrains/compose-jb","Apache License, Version 2.0","https://www.apache.org/licenses/LICENSE-2.0",
"org.jetbrains.compose.material3:material3:1.10.0-alpha05","https://github.com/JetBrains/compose-jb","Apache License, Version 2.0","https://www.apache.org/licenses/LICENSE-2.0",
"org.jetbrains.compose.runtime:runtime:1.11.1","https://github.com/JetBrains/compose-multiplatform","Apache License, Version 2.0","https://www.apache.org/licenses/LICENSE-2.0",
"org.jetbrains.compose.runtime:runtime-saveable:1.11.1","https://github.com/JetBrains/compose-multiplatform","Apache License, Version 2.0","https://www.apache.org/licenses/LICENSE-2.0",
"org.jetbrains.compose.ui:ui:1.11.1","https://github.com/JetBrains/compose-multiplatform","Apache License, Version 2.0","https://www.apache.org/licenses/LICENSE-2.0",
"org.jetbrains.compose.ui:ui-backhandler:1.9.3","https://github.com/JetBrains/compose-jb","Apache License, Version 2.0","https://www.apache.org/licenses/LICENSE-2.0",
"org.jetbrains.compose.ui:ui-backhandler-android:1.9.3","https://github.com/JetBrains/compose-jb","Apache License, Version 2.0","https://www.apache.org/licenses/LICENSE-2.0",
"org.jetbrains.compose.ui:ui-geometry:1.11.1","https://github.com/JetBrains/compose-multiplatform","Apache License, Version 2.0","https://www.apache.org/licenses/LICENSE-2.0",
"org.jetbrains.compose.ui:ui-graphics:1.11.1","https://github.com/JetBrains/compose-multiplatform","Apache License, Version 2.0","https://www.apache.org/licenses/LICENSE-2.0",
"org.jetbrains.compose.ui:ui-text:1.11.1","https://github.com/JetBrains/compose-multiplatform","Apache License, Version 2.0","https://www.apache.org/licenses/LICENSE-2.0",
"org.jetbrains.compose.ui:ui-tooling-preview:1.9.1","https://github.com/JetBrains/compose-jb","Apache License, Version 2.0","https://www.apache.org/licenses/LICENSE-2.0",
"org.jetbrains.compose.ui:ui-unit:1.11.1","https://github.com/JetBrains/compose-multiplatform","Apache License, Version 2.0","https://www.apache.org/licenses/LICENSE-2.0",
"org.jetbrains.compose.ui:ui-util:1.11.1","https://github.com/JetBrains/compose-multiplatform","Apache License, Version 2.0","https://www.apache.org/licenses/LICENSE-2.0",
"org.jetbrains.kotlin:kotlin-stdlib:2.3.21","https://kotlinlang.org/","Apache License, Version 2.0","https://www.apache.org/licenses/LICENSE-2.0",
"org.jetbrains.kotlin:kotlin-stdlib-common:2.3.21","https://kotlinlang.org/","Apache License, Version 2.0","https://www.apache.org/licenses/LICENSE-2.0",
"org.jetbrains.kotlin:kotlin-stdlib-jdk7:2.3.0","https://kotlinlang.org/","Apache License, Version 2.0","https://www.apache.org/licenses/LICENSE-2.0",
"org.jetbrains.kotlin:kotlin-stdlib-jdk8:2.3.0","https://kotlinlang.org/","Apache License, Version 2.0","https://www.apache.org/licenses/LICENSE-2.0",
"org.jetbrains.kotlinx:kotlinx-coroutines-android:1.10.2","https://github.com/Kotlin/kotlinx.coroutines","Apache License, Version 2.0","https://www.apache.org/licenses/LICENSE-2.0",
"org.jetbrains.kotlinx:kotlinx-coroutines-bom:1.10.2","https://github.com/Kotlin/kotlinx.coroutines","Apache License, Version 2.0","https://www.apache.org/licenses/LICENSE-2.0",
"org.jetbrains.kotlinx:kotlinx-coroutines-core:1.10.2","https://github.com/Kotlin/kotlinx.coroutines","Apache License, Version 2.0","https://www.apache.org/licenses/LICENSE-2.0",
"org.jetbrains.kotlinx:kotlinx-coroutines-core-jvm:1.10.2","https://github.com/Kotlin/kotlinx.coroutines","Apache License, Version 2.0","https://www.apache.org/licenses/LICENSE-2.0",
"org.jetbrains.kotlinx:kotlinx-serialization-bom:1.7.3","https://github.com/Kotlin/kotlinx.serialization","Apache License, Version 2.0","https://www.apache.org/licenses/LICENSE-2.0",
"org.jetbrains.kotlinx:kotlinx-serialization-core:1.7.3","https://github.com/Kotlin/kotlinx.serialization","Apache License, Version 2.0","https://www.apache.org/licenses/LICENSE-2.0",
"org.jetbrains.kotlinx:kotlinx-serialization-core-jvm:1.7.3","https://github.com/Kotlin/kotlinx.serialization","Apache License, Version 2.0","https://www.apache.org/licenses/LICENSE-2.0",
"org.jetbrains.kotlinx:kotlinx-serialization-json:1.7.3","https://github.com/Kotlin/kotlinx.serialization","Apache License, Version 2.0","https://www.apache.org/licenses/LICENSE-2.0",
"org.jetbrains.kotlinx:kotlinx-serialization-json-jvm:1.7.3","https://github.com/Kotlin/kotlinx.serialization","Apache License, Version 2.0","https://www.apache.org/licenses/LICENSE-2.0",
"org.jspecify:jspecify:1.0.0","https://jspecify.dev/docs/start-here","Apache License, Version 2.0","https://www.apache.org/licenses/LICENSE-2.0",
